user_id,account_created_timestamp,role
cedeca81-1553-42df-bb51-816d6df52e9a,2022-01-01 01:28:02,devops
b2576d80-1a80-4c14-b2f4-e62ada1a2db5,2022-01-03 20:24:57,devops
08b5ea5c-12a7-49fa-ae98-09d6d4516ee0,2022-01-10 09:19:50,backend
70ceac1f-d977-4195-90b5-727ac716904c,2022-01-11 06:05:30,backend
0df9b681-1849-49e5-8402-6e89c4daf60e,2022-01-11 22:39:12,backend
f5f7ceea-98a0-47f7-925f-a1159506802f,2022-01-12 23:00:50,backend
af09482c-8d76-4064-88f0-899aca42ee65,2022-01-14 08:48:59,devops
c40b3ce2-ac0e-4800-ab6f-61cb50921b38,2022-01-15 00:15:04,devops
ebeebd84-afcf-4ff7-8a0a-2a4cdf7cfcd6,2022-01-17 00:46:44,devops
d4b57b2a-9369-4d5e-8309-8720eb0cc06a,2022-01-18 10:55:13,frontend
0884dfde-ac14-4f72-b760-0a64d21a601d,2022-01-20 00:49:33,backend
6116098d-0b0a-4a13-898e-f671b9304188,2022-01-20 05:25:30,backend
a86008c3-459f-491d-bada-b507059e184b,2022-01-23 00:24:30,frontend
8f9d7d6e-685f-4460-be85-ae6c72d266f9,2022-01-23 01:44:09,frontend
d466d3ce-5d82-4650-97b9-e3eeac0eb60b,2022-01-23 13:03:51,frontend
57ea22e5-43b1-4f4e-9a80-7c5f844c40ed,2022-01-26 02:38:21,devops
a95b0703-5753-480c-8021-1a9dcb16bcdf,2022-01-26 03:27:14,frontend
756cfbce-f961-40e6-b762-993a11ac786f,2022-01-26 08:20:08,devops
48663df1-9e02-4564-9ecf-36a0be688b66,2022-01-28 05:46:03,backend
8bfa1256-ac64-430a-97e5-42084de8c129,2022-01-28 18:55:24,backend
db2b017d-a38e-4db2-aafa-858ad1cc22d4,2022-02-01 09:30:01,backend
273c6b95-9a6e-4b64-ac5e-cbaed4abdded,2022-02-01 12:52:37,backend
a4da1a77-533b-497f-8091-673794ffc566,2022-02-01 16:45:25,backend
2a89086b-dc4d-42a1-9af8-4f5a1c552b5b,2022-02-02 02:17:01,backend
9c9ffb98-31ad-40b4-8bb0-1c92181b5990,2022-02-03 11:49:39,backend
ab5ebd65-527e-4e1e-b8c7-9f94a6bcb2c2,2022-02-03 16:43:32,backend
31411b66-4697-4807-b5fe-6c197a797b7b,2022-02-04 14:06:58,backend
8056cc88-b47a-47ea-b8ed-dc3e7ea5b4f3,2022-02-06 16:57:43,devops
d6f86a41-8d42-4c9a-8b1f-ffae4d12173a,2022-02-11 07:59:27,devops
75551a47-66c4-44f1-abd9-164e464dec73,2022-02-13 05:06:58,backend
4fe647d3-2451-4919-88a8-6bb95dcd9bd8,2022-02-13 22:35:14,backend
61aa9f5d-01f9-4114-8911-f46b59565f60,2022-02-15 12:07:48,backend
f1860273-b2ae-4c6b-9fbb-350b15a9c072,2022-02-15 18:27:23,frontend
67f678c5-a2bb-4c51-9895-15e395356fe3,2022-02-16 06:39:41,devops
334467ef-047b-45a1-bd77-bd664bd367ed,2022-02-16 07:31:22,frontend
c53c7391-8400-4262-88d5-3c3ffa314c00,2022-02-16 10:36:30,backend
c91b3795-3386-46b2-8059-352097005c67,2022-02-18 16:21:11,frontend
c096af7a-3706-44dd-adf0-5a6a47019931,2022-02-20 00:53:11,backend
a92db6b9-df95-4f80-85e7-5a399d12c761,2022-02-20 15:39:31,frontend
ed9286fe-fca9-451f-a177-4e24aa9ce801,2022-02-25 19:51:25,frontend
8caa422a-e414-4275-9d68-c7abfc909451,2022-02-26 09:40:47,frontend
a592de11-1f44-4018-9747-0421440e2f08,2022-02-26 19:51:04,frontend
d03e7ffe-4634-454a-a970-f03eb1adf5e5,2022-03-01 15:09:52,frontend
cbc1c2a8-892a-4c84-b4d8-b593db8a1efd,2022-03-02 00:44:03,backend
f670e4e5-407c-41f7-9f02-478456844f65,2022-03-02 10:56:13,frontend
9c38e879-149e-4958-9ac6-813d8235a9dd,2022-03-02 15:44:21,frontend
8c1252cb-0bba-4fcd-ad2c-0447fb16cea4,2022-03-02 21:27:07,frontend
5626a41c-f267-456d-9ac7-2cd485c9ff78,2022-03-04 18:17:11,devops
653c6e26-b09b-46a0-98c9-5b32201b98fc,2022-03-08 09:21:14,backend
bff2755e-4596-4dd5-a98d-a40af7cdf94a,2022-03-08 16:23:23,frontend
e260c93c-568c-4ce1-a1ce-80ce5216206f,2022-03-08 22:44:46,frontend
cfe350fc-2d65-4467-b6c0-ba7be6bb719f,2022-03-09 02:28:13,devops
85ec2def-c13f-4bb0-b263-f298f93f4d78,2022-03-09 15:09:56,frontend
babaf838-a1a6-4712-9da4-50e4cf797231,2022-03-10 07:21:23,devops
61fd1316-2b69-48cb-ae00-a9b271e3c779,2022-03-12 04:11:50,frontend
49a9efe7-47ec-444f-a138-afe40086a7b7,2022-03-12 09:40:24,frontend
0c8e3af1-cc12-4a52-9ee4-4f37cc0e7b3b,2022-03-12 16:19:42,backend
017ab8dc-bf81-4312-8cfa-f7116862ae15,2022-03-13 15:05:35,backend
598b94ba-0567-4820-9e36-04cc7b05bd0a,2022-03-15 06:57:30,frontend
54dca377-e9f0-42fe-9bed-dbfc4a731e5f,2022-03-16 09:54:53,backend
7db2853e-7def-43ee-abf5-8a50408f99cf,2022-03-16 17:24:27,backend
663ea4c5-7646-4148-877e-417cef6a9a8f,2022-03-19 19:26:03,devops
57425494-3b3f-41a2-890c-2d26b76b3c9f,2022-03-23 00:10:12,devops
f3c3bdd8-e586-4a50-ac07-9dd8f6b2a06c,2022-03-23 18:13:40,backend
66bf2c3f-1408-4096-92f0-15dba9361bb2,2022-03-26 19:36:45,frontend
bd132c4b-7947-437c-9a92-f93e1fcbb514,2022-03-27 05:38:33,devops
75d11929-1ba8-4c64-9e80-6ef8eb014999,2022-04-04 03:51:56,devops
79f7be46-b908-4455-8dc7-60802f807aef,2022-04-04 07:02:20,backend
ba632459-f3d2-41da-9d52-a199c2c9526b,2022-04-05 01:14:07,frontend
565330c8-5052-42fa-b29d-bfa42e081290,2022-04-05 11:30:47,frontend
11ff9922-f60d-457a-83da-d7f041cc267f,2022-04-05 12:31:26,backend
f9c93d2f-1499-4df6-9f40-85c39cd86c69,2022-04-06 14:23:20,frontend
6d6f0c0f-39e8-47d4-8df4-d0e2360dd36d,2022-04-07 16:19:38,frontend
dcb87303-1a71-4c39-afad-9d315e021a01,2022-04-09 17:09:05,backend
2970b707-247d-4af6-aea5-c5b27905912b,2022-04-11 13:55:44,backend
b14f04f9-5acf-4b55-89d7-51c46792ed53,2022-04-11 20:13:11,backend
cce41cbb-10f3-4dbc-a4cf-ff0b7f9bab9e,2022-04-12 04:00:03,frontend
11c60168-aa2a-49ba-81a4-e21abb1fe76e,2022-04-13 03:31:33,frontend
f8a549b8-7309-4b71-8176-00361cd8e514,2022-04-13 11:42:59,frontend
c06f8f64-dfb3-4582-ad78-57bf7d5b7cd2,2022-04-13 13:11:16,frontend
e2209d7d-81fc-4dd2-8dfb-50683574da52,2022-04-15 11:45:18,devops
00690ebb-e081-4366-a6b8-2f19b6800403,2022-04-16 06:39:47,frontend
604894c1-6d39-4a5c-80b2-f63b7244076d,2022-04-16 09:24:59,devops
9bf936d6-568c-4fe7-a3f4-fd68f8effec0,2022-04-17 10:44:51,frontend
6a722295-f3dc-4fa7-9eb5-48d3b03b417f,2022-04-18 05:04:37,frontend
42d8c28a-d605-4233-a23a-df337ed158a3,2022-04-19 20:02:54,frontend
3b8904ac-0b8c-4f94-b8d1-e94857d90815,2022-04-20 13:56:10,frontend
77aa5503-bb78-40d3-a698-83e5de1dcb92,2022-04-21 16:35:39,backend
d09c552e-ddd6-414b-ad5e-e207b2ea4e89,2022-04-21 17:55:45,devops
dc805828-7483-48c1-b4f6-318c40748c25,2022-04-22 22:10:38,backend
a17f1f91-219f-45a1-9a85-ae6dd31368ab,2022-04-23 01:00:09,devops
75dcf3a0-7cef-414c-b136-14f83bf550da,2022-04-23 18:58:18,backend
05a6a9bc-b671-4ed7-a23c-67bc1267167c,2022-04-24 04:23:45,frontend
0f3fda8e-38bb-462b-8304-463dbe92780b,2022-04-26 23:44:01,frontend
91e0c04e-0895-40b6-ada9-19a44311ac30,2022-05-01 03:18:14,backend
26f9129e-be26-4cbf-ac81-d8fe0dc7ba9a,2022-05-05 14:31:15,frontend
4ac35a7e-a1aa-4e91-9b5a-ef30fede094c,2022-05-06 15:00:00,frontend
bf6bf60f-67f5-4747-89ef-0f4fa60c2f9e,2022-05-07 14:08:22,devops
55731055-0063-40fb-a370-6e097ad11d05,2022-05-07 19:04:28,backend
54b2ab76-0d6d-46a8-bc5a-c40ff734acf5,2022-05-08 00:22:59,devops
610ff7e2-bd99-4435-a317-484bb1b865cc,2022-05-08 06:48:20,backend
b491df30-b120-4ff5-9119-515e93982231,2022-05-09 11:34:15,backend
1ae4badf-0b80-48a6-b413-5e784f8c63d6,2022-05-09 16:33:28,frontend
7bf25436-56a0-4860-820a-15b335506dd1,2022-05-10 07:45:45,frontend
d0c11af1-c69c-46ed-b5ea-7eb1309dfd7b,2022-05-10 14:48:14,frontend
c9df32dc-f34d-4acc-8050-f908a92834dc,2022-05-11 15:08:23,backend
d00801ab-83ef-42e5-ac52-54171bc395d4,2022-05-12 19:46:30,devops
1e64b519-e440-4e86-bb06-8e917b6e2952,2022-05-14 12:06:44,backend
58d61830-b48a-43ed-93da-54cfc5ceb5f6,2022-05-16 08:25:47,frontend
faa30e71-abf1-462f-ab1d-584372f601b8,2022-05-16 20:20:58,frontend
c5cff4d5-07ef-4bac-a2ec-8c19b1837378,2022-05-17 02:44:55,backend
e143f94b-49b8-484c-a910-ec763b5ce6c0,2022-05-17 15:45:17,backend
85596fee-8700-45aa-8723-a2b5c2e30d1e,2022-05-18 08:46:19,devops
c57e0033-e65a-4dc1-935b-4d3bf0ffc57f,2022-05-18 22:05:57,backend
5b832968-136d-44b0-a263-aec8dcb49874,2022-05-19 02:06:13,frontend
a79aaad3-346e-4058-ac09-62de1ce95cc5,2022-05-20 08:04:46,frontend
e5f6f4d3-e0f6-4eb9-9b3d-33f10c38e3df,2022-05-20 11:42:40,frontend
86f9fd46-1689-426e-bf29-b9647cbbed07,2022-05-21 17:36:32,frontend
1a28bc8a-da71-4085-9f8c-b7bdaf2d754f,2022-05-21 20:46:25,frontend
e651ee88-ecc3-4e20-879d-50a145ab342f,2022-05-24 09:59:18,frontend
89c76f29-6ee6-464d-842d-3ea6d1201d59,2022-05-25 04:26:19,backend
91d52491-3b77-4b70-81ec-ed099198c86b,2022-05-25 11:36:12,frontend
ecaf2f18-084d-4322-810f-55a1581ebc00,2022-05-26 00:46:34,backend
b7e85305-9c1e-4a4a-b7a3-a5a58995eed9,2022-05-27 05:05:42,devops
ff3e4752-6e92-40f9-82cf-3ca667e5d706,2022-05-28 02:16:42,backend
a8a442a8-2184-46c7-86ad-2a3f18b673cc,2022-06-01 09:21:07,frontend
df8eb884-9938-430a-a5ab-01ab7ca2ffe9,2022-06-03 18:04:32,frontend
63ca68cf-4253-4913-ba11-876acd2a5856,2022-06-05 07:13:17,backend
d3488cd3-8798-4688-8261-a32fc6a92aec,2022-06-05 22:21:39,devops
56cae2d9-8685-4a8c-a904-35d9eb34183b,2022-06-05 23:38:15,backend
6bec1666-522f-4957-bc84-e576c2549d69,2022-06-06 03:30:01,backend
65adf780-f452-489c-b8cd-445e3cd64f71,2022-06-06 22:56:22,backend
49e6d94e-590a-4807-8b8b-b828d4cca692,2022-06-06 23:23:54,backend
bd0b18a3-1ac6-42ab-a72f-4717daf6995a,2022-06-07 16:05:02,backend
985057f6-aead-47b6-af2e-a2e6c1014e38,2022-06-07 23:02:17,frontend
61ad3b54-2692-4503-adde-3b56dd381ae0,2022-06-08 15:24:50,frontend
d8f90b9d-e804-43af-b693-ce342b7c8fb7,2022-06-10 01:17:03,frontend
3661c879-7071-4580-bcdf-d13d1b24ad2a,2022-06-10 01:34:15,devops
10921de3-4a2e-4c45-86d2-d3136a229e19,2022-06-10 18:14:29,frontend
8e389049-ff81-436a-bd12-a030db2c196f,2022-06-11 04:22:38,backend
4b608722-10e0-419e-95be-c65d4ebe5104,2022-06-11 04:43:51,backend
7f6c2d50-69d6-4052-bbff-12b83a4acc68,2022-06-11 09:17:48,backend
0f383d28-284b-42e5-aab0-289cb664b969,2022-06-13 07:41:23,frontend
cb51fe88-a360-4930-a7e0-441977627708,2022-06-13 22:44:18,backend
5466568f-ad43-49f6-aeeb-7068bd4c1c84,2022-06-15 04:58:24,devops
a1cfd6c3-2a20-40d7-81ec-9629606d2da3,2022-06-17 08:26:24,devops
3b391c4e-1661-43ec-98df-8cd69dcf0e34,2022-06-18 09:16:57,devops
1dcaf328-1607-487a-a99f-42b64f2c0c39,2022-06-18 11:28:04,backend
92f5d02f-4359-485c-85db-348534a5873e,2022-06-18 11:46:46,frontend
1cc084eb-9180-46e4-a08e-ef8970e7daf4,2022-06-18 19:44:44,backend
73bee534-4891-44ef-83ad-0bee5142a09f,2022-06-19 12:23:23,frontend
2d95e5ed-5b79-4e04-9af3-f22bdc31a7e5,2022-06-20 00:51:09,backend
16c5f293-4c85-4aa8-bbed-3df9fa097458,2022-06-20 03:14:44,frontend
d40782c6-cb14-4b2e-b42d-c734a50cda04,2022-06-20 06:22:29,frontend
e428c146-2cdb-4a9c-b889-be0ec9f3e7bc,2022-06-22 03:08:12,backend
5a2242b5-8182-4be2-83fa-f06391fd9b38,2022-06-23 00:14:43,devops
5e3eef5c-594b-4b31-b356-a9ea799d78f5,2022-06-27 09:53:30,frontend
616539f4-aded-417b-b3af-960444529693,2022-06-27 11:43:35,frontend
f17a4db9-d5de-4908-8d33-4a8aaa1c7809,2022-06-28 21:22:17,devops
9f108ffd-1f5d-427d-9742-05584f36b8c6,2022-06-28 23:14:28,frontend
f6ad3ddf-ab64-419c-a1fe-0d9b7ee1c3f4,2022-06-29 00:55:11,devops
f424ce1e-913a-4d8b-9eff-ec61ffc5b49d,2022-07-01 04:48:56,devops
0a3bee45-04fa-4104-826f-873e6ee45f63,2022-07-01 12:05:09,frontend
88089840-303c-46aa-a4a9-fc67ec913e73,2022-07-02 03:41:25,backend
470ad64d-042b-4c40-831f-400eb7fedd2b,2022-07-02 07:21:16,backend
e34b7b23-eb2b-4ee2-a401-b8d162bb121a,2022-07-02 07:52:34,backend
95a2c9d6-8868-4715-aa00-d2b146735970,2022-07-03 06:03:09,frontend
38568d89-7cb7-4d7f-8c7b-11495c07edaa,2022-07-03 23:23:14,devops
14257cbc-7dad-495a-9e1b-f8be574f0560,2022-07-04 02:14:17,backend
8e1b56e6-5138-419b-8b45-3f091d84704c,2022-07-05 08:33:24,backend
357afa85-c376-4635-9175-4b1f54f75058,2022-07-06 03:25:42,backend
fa47c718-adc9-44fe-a572-8b9c129d147e,2022-07-07 15:43:15,backend
d13872f0-d71f-498e-abce-c2362207f816,2022-07-08 01:41:21,backend
9a698a76-bf88-42db-9c13-8263b7351cfc,2022-07-08 19:10:10,backend
e0999b58-e41e-45f9-a361-9f77387c5cd9,2022-07-11 14:00:18,devops
114ddc00-9822-44f8-8cdd-260b38ad86af,2022-07-12 12:56:51,frontend
60ef4ee3-2f56-4666-a381-c9729894f63c,2022-07-13 03:26:43,backend
b12b2a93-364d-47f7-8285-a8c356b7a0ed,2022-07-13 09:16:33,frontend
1f40983e-e53f-4833-aeb3-83c0442f4f7e,2022-07-14 10:22:08,backend
39182bd0-ca7a-4c24-a8e1-3b5b0acebd8e,2022-07-14 11:54:16,frontend
f0976f2c-e3ba-4f59-b33b-5356d118c753,2022-07-15 01:41:12,devops
e0169989-e7e5-4fb8-8adf-6e7c4e2ebb75,2022-07-15 17:07:14,backend
d534de08-6a5c-493a-8ce3-2f8eb0b6aef2,2022-07-15 19:02:19,backend
309339f5-1f3e-420d-99ac-eaa5f751dbc2,2022-07-16 06:38:07,frontend
4f33f19f-d28d-4c64-ba36-4a2fadd17653,2022-07-17 04:57:11,frontend
9c3b5f1f-f474-468b-80f8-943cb2309149,2022-07-17 05:02:38,frontend
1ae925ca-9ac7-411c-a6ce-8a1088d3e734,2022-07-18 00:49:12,devops
1feebbc6-023b-49e9-a893-68c1cee75130,2022-07-18 10:47:25,frontend
f7546676-38a0-4a59-ade7-d4bae3575e09,2022-07-18 16:24:26,backend
ec59b7f0-e31e-4450-92d5-33eee4f7a534,2022-07-19 17:03:09,backend
e3890b4e-5b6e-487d-922a-fb9a3af7d9de,2022-07-20 05:45:35,frontend
4344f59d-5787-4967-9da3-58e3b9746f16,2022-07-20 12:02:19,backend
6bef3cb4-156a-4c48-89a5-11100630193a,2022-07-21 02:17:17,backend
4a9d75a8-e5fe-4075-a7ec-5ade229b2532,2022-07-21 19:10:23,backend
ac22d702-3670-432b-af20-c628e7fd0f5d,2022-07-22 18:55:59,frontend
bbd5da39-efcb-4a37-8262-187b0a7b878e,2022-07-22 21:17:08,backend
22c6799a-b50f-4823-bd70-03e9fe79a9eb,2022-07-23 07:13:56,backend
9ee1037e-1d7b-4478-9b54-13b35231ef03,2022-07-23 18:07:38,backend
80f1a540-2375-4cd4-9dc0-ffa8bb55a996,2022-07-25 14:12:14,frontend
db080f53-d546-4e39-86b6-39926e418192,2022-07-28 12:54:45,backend
b3b38646-fc42-45ef-9444-8ba3eb32edf4,2022-07-28 21:33:12,devops
9bc2c4e7-583f-49fa-9ad9-a4a4d00f7357,2022-07-29 09:32:53,frontend
0911b1d2-1df8-4f33-9625-227d11206339,2022-07-29 11:19:14,frontend
6106db3d-869c-426d-b138-7783b93b681a,2022-08-01 06:54:40,frontend
1324698f-2857-4f03-bc85-859e32a43b78,2022-08-02 13:20:07,frontend
16b67bd2-d259-4951-b349-db6359b19a93,2022-08-02 17:24:42,frontend
d338bdf0-0f53-4359-a4ad-76445922c67b,2022-08-03 06:58:16,devops
db613e3a-39cf-4349-8d16-d715304d2415,2022-08-04 07:28:33,backend
fff747d9-e2d3-4fa4-8da5-249862d1f32c,2022-08-04 08:41:40,backend
3a36fe1e-b7cc-48bc-9dc6-4a7258cdfda9,2022-08-04 22:06:10,frontend
50e0bf67-e882-40e2-88ae-df739d29b83b,2022-08-05 09:07:15,frontend
cc930d24-d697-40fe-a6d4-809ade3dd315,2022-08-07 23:11:33,frontend
c1b15a43-6acb-42e8-b478-277fcc635a11,2022-08-08 17:04:09,frontend
af07766c-3a9c-4c3f-b166-503b2faddda8,2022-08-09 10:46:42,frontend
691df8d6-93b1-4c69-8b4e-6707feb5ee3a,2022-08-09 23:17:20,devops
8c3b3dff-aa1c-49ed-954b-73c8238f81b1,2022-08-10 06:58:37,frontend
680bdcd8-3cfd-4011-9100-eae925a2572a,2022-08-10 14:53:31,backend
a541cd7f-47ac-4b34-aef9-c0a64c906ff9,2022-08-10 20:20:22,devops
91a7a455-c5ab-424f-a16d-5ced1f937342,2022-08-11 09:14:48,backend
08ec3e27-e3c0-4c1e-b9f2-bfd75fed971b,2022-08-12 01:42:22,frontend
1496f4d8-9ae3-4131-b4e1-eee369d0c885,2022-08-12 05:18:27,backend
0caf30db-94a9-46f8-b654-cbd4b6f1cae4,2022-08-12 07:42:19,backend
0d2275f5-d589-4bee-8df3-825371a9087e,2022-08-12 14:11:32,devops
4988f091-3cbb-49b2-b0db-caf11899a894,2022-08-13 18:17:41,backend
9bd51528-29da-4301-a92d-f48fa8076cfe,2022-08-14 05:11:27,backend
395fde3d-4242-41c2-b3e9-bb6bc167bb97,2022-08-14 10:33:00,frontend
ce73cd8e-f5ca-483d-a76e-ef44e69ba257,2022-08-14 17:57:13,frontend
181da1c5-fbb9-49fa-84b3-95516b60750a,2022-08-15 16:42:55,frontend
05efc835-9080-4069-beb7-927aa560d57b,2022-08-15 23:00:04,backend
fc0d7744-a400-479c-a6ee-8c0ba75171b3,2022-08-16 04:44:28,backend
d4addd8c-390b-40c4-b71b-c627c749f345,2022-08-16 16:08:42,backend
3e4b79ab-d969-4a54-b0c0-8c9bfd95ee58,2022-08-16 16:15:27,backend
3cbadb7b-9a9f-407d-8513-7cde6e27122a,2022-08-17 11:13:37,frontend
f43087b9-18dc-40d8-bad7-18c8eccdbc6a,2022-08-18 20:50:58,devops
9579c969-e516-46b3-8986-375b78db434c,2022-08-19 00:58:53,frontend
196dd727-73d6-4a6a-b4ef-52b3a8e32d28,2022-08-19 04:56:52,backend
950359cc-6e02-4403-a818-619de303f22b,2022-08-19 12:35:08,backend
f55d828f-d7e2-49d9-af06-bebeeeef53fa,2022-08-19 21:35:05,frontend
6ee76de1-8e84-49d2-8db6-7c3437009143,2022-08-20 02:26:41,backend
ccf93e56-ccf0-429f-938d-b157f1fe7895,2022-08-20 06:15:36,frontend
09f2150d-eb2d-4215-bd74-63dc3f15493c,2022-08-21 18:06:50,devops
bb658f5a-b9d7-41af-994b-8f710ebaddbe,2022-08-22 02:09:09,frontend
a1478f9f-1695-4591-ae2b-ee609bafff85,2022-08-22 09:56:22,devops
76d3aa43-a9fb-4b97-bc7f-402cbc31fdd3,2022-08-23 20:51:27,frontend
1cd5aef0-99e2-4e64-b035-60fc09a95ce0,2022-08-24 22:18:59,frontend
97553790-a0e8-487a-a3db-460401208b78,2022-08-25 06:51:23,devops
83c2d722-c320-4c0b-86bb-cf03fc0dc001,2022-08-26 03:31:37,devops
8fcdff78-4989-45d4-a87a-8b76783f61d8,2022-08-26 06:04:00,backend
136eff8e-a7f4-4cda-9e71-e98971343e87,2022-08-26 18:24:44,frontend
82a30fa2-aa96-425e-8952-10166870ede5,2022-08-27 22:41:35,frontend
061b44b3-1329-4d87-8610-ce813d8840c3,2022-08-29 02:17:49,backend
5b48b10e-c2ed-4169-a5b1-e540ebe8af20,2022-09-02 00:23:32,backend
bcef7b45-45db-4dc1-9225-8aae08c67e2e,2022-09-02 17:56:19,backend
e5350c6c-2156-4185-8b4a-9e659c17abb0,2022-09-02 22:25:11,frontend
2dcd084a-ac24-4d6b-b1ca-cc5d1a00466b,2022-09-02 23:03:12,backend
5e5dad17-361c-4ad9-b304-d12c0c51c115,2022-09-03 10:56:27,backend
3797cfa7-bb69-4017-9ece-e271f118eca5,2022-09-03 14:58:19,backend
75da1396-0346-4c16-8aa7-fe36050a63a2,2022-09-04 02:07:31,devops
d5247091-6c84-41f5-b7e5-6e1a0c9a7d66,2022-09-04 03:11:20,backend
76f4fbaf-89eb-4ce4-9ad6-8fc8c87e76a2,2022-09-04 09:05:30,frontend
247e7259-2379-45ee-8d80-66cfb00e5dc7,2022-09-04 19:26:51,frontend
07f5efe8-f7f1-4ea9-b7e7-0155752c248a,2022-09-05 14:03:41,backend
050271ec-71a9-4d5b-ae62-b2703a103762,2022-09-05 22:09:23,devops
3ab52cef-ad6d-4a25-a0eb-cb7d73d092cc,2022-09-06 20:16:33,backend
b2cffb60-720f-4d5d-b820-2bb082eb7110,2022-09-07 01:39:43,devops
113e7657-acb8-4ec4-968f-e8619ced48ec,2022-09-07 06:18:48,backend
8fd0bb35-665b-4881-9a90-f6332b13ba2b,2022-09-07 12:11:19,devops
5023b4f4-f757-485f-b5cd-68fb62e9d350,2022-09-08 06:51:06,frontend
e89f7dcd-9381-4e45-b10a-6e5e2ec89d60,2022-09-08 09:52:24,backend
be7ddfe6-ab3b-4177-8b57-dec547b71c41,2022-09-09 07:42:24,frontend
cd0f68c6-a1f7-403f-a704-35d5c5137b48,2022-09-09 07:44:44,devops
1824a12c-63b0-492b-a743-0037581da80d,2022-09-09 14:07:24,frontend
9afaec52-60a5-46f7-bb0b-355add11179b,2022-09-10 01:04:55,frontend
725fcf71-8735-494c-88c3-828496912aa6,2022-09-10 01:06:05,devops
dbf1a1e2-97c6-47f7-b2fd-863d5961c9d1,2022-09-10 01:51:14,devops
9dd18b2d-46ec-4999-8bf5-78cbf31c2dd7,2022-09-10 05:08:54,backend
96d4b136-dfd7-412f-9bbb-412e5190ee2c,2022-09-12 13:24:57,frontend
a5e1cb4e-9b71-4ee8-8ed1-fc960f26576d,2022-09-13 01:44:47,frontend
e412aa49-493f-473f-b387-5cbc916fcb96,2022-09-14 01:32:15,backend
dd2d184e-8f46-4684-8359-b5af624dfe37,2022-09-14 16:27:00,frontend
7b4ff805-e09b-4806-ab97-4611b234135b,2022-09-14 18:41:15,backend
9e9d55e6-f7a5-4647-9b98-9088c647cdee,2022-09-15 00:19:49,frontend
e79de4a4-d139-4b81-a5ce-3e90df59352b,2022-09-15 07:27:38,backend
e51f7930-8538-4287-8edc-de1489efaea8,2022-09-16 13:28:49,backend
e97ba2ac-27f8-47e0-b3b3-1561bbeb50ca,2022-09-17 04:20:08,frontend
ca82e44e-d61c-4a2b-9a7c-56cc5a1104ce,2022-09-18 06:05:23,devops
ff02e2a4-dfa6-4ce3-82d5-580efbab07d1,2022-09-18 16:16:52,frontend
f76f0ab6-1ba5-4394-b576-cf75930859c0,2022-09-19 01:48:45,devops
b584043f-17a0-4982-890c-9ffdfb38488f,2022-09-19 04:23:02,frontend
089553be-e635-4505-bef5-e7df4ef0b2a5,2022-09-19 20:31:58,devops
a6e4432f-8137-432a-9a73-d79219e950cd,2022-09-20 11:32:35,frontend
f66ff33f-083d-473a-9fde-4d007748b3c9,2022-09-21 06:00:49,frontend
95dfda9e-ad2f-473a-aa6f-723b33583a2c,2022-09-21 08:56:50,frontend
bb0e3346-9398-4330-afbd-a0103198f790,2022-09-21 23:22:03,backend
78ac9e98-2d46-4b3e-8686-09b47c950256,2022-09-22 01:04:45,backend
febfa2bf-653c-4bd2-9939-e0e6f1065ef7,2022-09-22 09:55:20,frontend
3a2f35a4-651b-4d23-8ec2-d2ddf8d9be7f,2022-09-23 08:30:50,frontend
d350940b-e4ae-4e12-bd15-06fb32b7487e,2022-09-23 16:02:41,frontend
6f7ae60e-bec9-440a-9b88-9368d7b527f9,2022-09-24 05:06:30,frontend
5dd9f31f-dc21-495c-970b-899d41a7f5bb,2022-09-26 00:57:02,backend
02060ea8-3519-4b2e-bb5a-210c9049a963,2022-09-26 05:12:07,backend
ff858d4a-80a2-49e8-a984-e18e2c2250e9,2022-09-26 05:20:40,devops
50c3a0cb-e97c-4b91-b654-31159de2d4eb,2022-09-28 02:14:54,frontend
60c856f2-2a6c-43ef-8189-eccbcfa0de21,2022-09-28 02:43:34,backend
33a7fdec-abba-4ab0-823e-6d31017168e0,2022-09-28 05:47:49,frontend
2d30a72d-efd3-4e29-bc63-9dedd2697da4,2022-09-28 15:05:39,frontend
0b48c381-434b-4118-bb48-f121f2ba1fcd,2022-09-29 08:06:13,frontend
5cec9b1a-0e3b-4b28-86d4-babaca9453a2,2022-10-02 03:57:01,frontend
547bedf9-c2a3-40a4-98eb-8a69d0fa3040,2022-10-02 19:21:43,backend
0072be93-76c5-42ae-a40c-b8ec146f28b1,2022-10-03 03:14:42,devops
30cb15fa-92db-4c4b-b805-e5fa000212d9,2022-10-03 11:10:54,frontend
7f7de30e-ec97-4a12-a9be-2f920b5976f9,2022-10-03 17:14:55,frontend
18007e13-0cde-41b0-92a7-dc53a701c627,2022-10-03 19:52:35,backend
45a9ab12-bb95-484f-bd1d-c61cd9abe50e,2022-10-04 00:08:15,devops
f6256732-7e04-4e2a-8b77-85a0fb870992,2022-10-05 20:53:26,backend
7598be88-477d-40a8-a185-c529c323d17d,2022-10-06 10:07:56,frontend
660244cd-8d10-425e-91e4-a8dfb25cfed0,2022-10-06 14:34:51,devops
2fdc2df0-1c35-4ab4-857b-d4b7b8686453,2022-10-07 05:31:35,frontend
fc3cacab-df75-4e9d-a006-3eb07ead7a24,2022-10-07 16:05:29,frontend
7feff8a4-b459-4587-8524-40c08533aac3,2022-10-07 23:19:22,frontend
55351111-3c8e-437f-8c86-6a71444fa099,2022-10-08 22:54:32,devops
ccadb7c3-0d4a-420e-aea7-2c3da9d3da4d,2022-10-09 04:34:23,frontend
8fc4df62-b738-4e18-acb9-46927a67bc58,2022-10-09 04:51:31,backend
1346b033-b4f0-44ba-b818-d415a3f11462,2022-10-09 06:04:55,devops
888d5a7e-f145-4cd8-8879-80615946bf01,2022-10-09 10:17:18,backend
ac149845-e54c-471e-9ddc-c36afee25bc7,2022-10-09 16:34:16,backend
8a289657-0ad0-4f58-91c8-dbb1be4f4e4f,2022-10-10 07:10:10,backend
de7cc187-115a-4692-af2d-e12f51466f69,2022-10-10 16:37:04,devops
bf5178fa-997a-4c3f-8481-d01db44e818b,2022-10-11 21:03:43,backend
c8ab9736-0388-4e43-8bb0-b44699b37edf,2022-10-11 23:57:18,backend
fb75c96d-c4f5-45f9-bf4a-72b4a3d4bfdc,2022-10-12 00:20:46,devops
5d9c2692-0218-45aa-8764-b3acab850760,2022-10-12 06:42:40,frontend
b1800274-c84c-4eff-b8a2-305d0b03c758,2022-10-12 08:51:32,backend
97487048-deef-49f0-a9db-fb1a76553e99,2022-10-12 14:33:18,backend
27c8cc48-f988-4a0d-8ba5-35e78c430353,2022-10-12 20:53:45,devops
75521b45-f33f-4701-8e14-753153883cee,2022-10-13 08:18:20,devops
4cf054a9-42ec-458a-9251-6e7180008949,2022-10-13 15:26:40,frontend
a1b5bdf7-a86f-4fa5-8491-9caaff306699,2022-10-13 15:26:47,frontend
92fef47c-b0e5-4e47-9012-03c24683f317,2022-10-14 16:18:46,backend
707d4fc0-c43f-4313-ad76-971b2aeb938e,2022-10-14 16:49:44,devops
7129b53e-ec6b-4309-b3d9-3c230d27be03,2022-10-14 22:31:00,backend
9fd8b92f-1cd2-47eb-aed8-bed33687afdf,2022-10-14 23:45:47,backend
6ec2704f-0269-4975-be79-7cbc6333472a,2022-10-15 07:22:59,backend
ebe3d857-09e9-41d2-8621-6054491905fd,2022-10-15 21:40:26,devops
63d66430-6757-4373-a5ea-a358279d20ff,2022-10-15 21:46:10,backend
9df63b76-193a-4860-a1f3-87ae556b7034,2022-10-15 22:23:38,backend
bb98898b-cc30-42c6-b02e-3a544340bde4,2022-10-16 11:35:58,backend
224c1655-eab4-4a81-8992-9aa9732dfe89,2022-10-17 00:01:21,frontend
462eb051-1a12-4c2c-befc-a1056f4ad467,2022-10-17 08:03:07,frontend
19dbafdf-4ef8-4767-b483-509a025e796c,2022-10-18 18:16:27,frontend
fcf1becd-4a8d-4e55-9e12-37a863292512,2022-10-18 18:29:37,devops
da106c85-6103-413c-bb29-c288934f3f88,2022-10-19 00:18:21,frontend
3b3b5c06-fdc7-4d27-8006-542e98b1897e,2022-10-19 00:56:29,backend
fca5097f-fd41-49e3-8cd6-219e3dfc4f32,2022-10-19 10:33:36,frontend
ca20c3c2-0c27-42a4-837f-526f9a53991f,2022-10-19 19:51:32,frontend
55442cb6-0336-49ec-8cb5-3f78201d7b6a,2022-10-22 18:57:15,backend
deda6d53-62c1-448f-b93f-467b87284377,2022-10-23 11:28:11,backend
1fa4b1fc-b1cf-4adc-b3e0-a314533401d2,2022-10-24 05:47:18,devops
200bf4f7-970e-45c4-9a05-1aa4e6a99410,2022-10-24 06:53:49,frontend
8049f532-4b07-4c51-91af-4192cef1ced1,2022-10-24 20:02:18,frontend
b2d02c1a-4ef5-431f-8b01-d8048ef3bceb,2022-10-26 08:40:47,devops
eaf682f6-2352-445d-b1cf-73a7603844bc,2022-10-26 18:14:32,frontend
e3f36e40-1c8c-4e20-ad2e-7c7b604a9366,2022-10-26 19:03:28,backend
807d492e-25c2-4b5c-bebf-12bb6301c7f8,2022-10-27 06:26:23,frontend
35a28fb1-02b8-4fb2-be85-6837d5352e12,2022-10-27 06:28:51,backend
ca6793c3-7137-48df-93de-8fc296a5e603,2022-10-27 09:51:58,devops
3ed29275-bc75-488e-a062-7e3b54481b2e,2022-10-27 13:43:14,backend
ed00c1bc-d883-4588-bfe0-6e138c0392a1,2022-10-27 17:59:57,frontend
6b6ea0c6-172b-42eb-ad53-708d633f3463,2022-10-29 10:34:32,backend
8ec528bf-e04d-41af-be8d-17b679b115ad,2022-10-29 14:58:20,frontend
c51cde21-98e4-47a7-b32a-a6159f34b634,2022-10-29 19:39:59,backend
333ef248-e7ce-4b12-82f2-90f040eb674a,2022-11-01 01:18:02,backend
69038966-fbc6-49fc-a78c-76adfb500b83,2022-11-01 18:52:52,frontend
df4f7e5b-5108-4541-8124-62491b26520f,2022-11-02 06:10:53,backend
cca6dee6-3246-41ab-abed-be384776b9c3,2022-11-02 15:30:31,frontend
a21ece0c-d358-4364-b72b-015c6ddebc60,2022-11-03 23:03:47,frontend
80c38885-4e1c-40c8-a693-37e6193029d0,2022-11-04 04:54:55,backend
29dff80d-bfbf-453c-9696-1e902a68d0de,2022-11-05 03:06:41,backend
8f722e75-a87d-4835-9ff1-a5a43561d5af,2022-11-05 03:59:10,frontend
fd3d7d75-0e9d-4341-a51b-80706f2b1f47,2022-11-05 04:25:30,frontend
b83fd969-88a0-4840-bad1-d447917f94ef,2022-11-05 06:44:06,frontend
c21fbce6-faf0-4002-a9d0-d059db87c6d7,2022-11-05 14:50:19,devops
b6ee4144-e590-4953-bc06-8c38805208fd,2022-11-06 00:15:48,frontend
f024a8e9-cca0-44fc-8b35-938b09cd6888,2022-11-06 11:37:26,devops
9c72b0ae-aea5-4e03-b4bb-43b9c0caa60d,2022-11-06 11:53:31,frontend
6f1a24f5-dbf6-4164-8487-9e38509f2963,2022-11-06 19:17:43,frontend
bf95d319-186f-44ff-a8ee-2f010abc93bb,2022-11-06 21:58:17,backend
3fdbbdc2-96dc-4198-b63e-481b0d57035b,2022-11-07 07:24:57,devops
e131f4bb-d0d0-44e2-b77e-0206e2f68bb2,2022-11-08 06:35:16,devops
13c51e9c-7120-46eb-aa32-33c6e0329197,2022-11-08 09:07:37,frontend
c4a96a62-c000-49c4-9a31-05c52d000dd1,2022-11-08 12:38:07,frontend
437799de-0feb-4032-91f5-2402454b7c20,2022-11-08 20:55:02,devops
e482ff1e-8fb5-4a10-ab55-df116ff6cb71,2022-11-09 10:44:24,backend
22a95180-0aac-45cc-b343-30ef576018b0,2022-11-10 02:20:04,frontend
a9de52bc-e287-4623-9753-ce51e069a851,2022-11-10 08:05:20,frontend
fd48da88-49cf-4dee-b4bc-87dc5474e28d,2022-11-10 17:49:17,frontend
d6e25761-ea5e-47b6-a3a4-27d56f5712a1,2022-11-11 04:05:28,frontend
3bf53cca-e1e6-4635-9c5e-21dd107e91d7,2022-11-11 06:31:52,devops
55e373f9-c274-4861-a241-42e8b0703c39,2022-11-11 09:00:54,backend
0912b67a-4ad6-4afd-be84-d412ed40b0a9,2022-11-11 15:57:20,backend
1bdccdf1-d5dd-48e2-a575-7eebea2978de,2022-11-12 06:03:26,backend
fef52c43-cde8-4f89-8774-0e32a77cdca1,2022-11-12 09:27:56,frontend
7f3b4181-b216-4b7a-9a13-d61eae6e3cc1,2022-11-12 16:12:01,frontend
631f4ac3-3a38-4c4d-915a-5294a71c2f1a,2022-11-13 02:20:59,backend
3dbf9898-bfb4-422e-8149-e92258022d87,2022-11-13 13:04:47,frontend
ea55a305-141d-41d0-a5ea-b26767cee673,2022-11-13 19:44:09,frontend
6fd7d8d1-e0be-40ca-9dc6-0ab59fd6edf1,2022-11-14 03:18:06,backend
ddc65006-20fc-4a59-8f9c-b4c228e6fd54,2022-11-14 04:35:03,devops
fa459e40-b586-42a5-8471-7582a24076a1,2022-11-14 09:52:22,frontend
ab9e2a97-3479-4ada-8f2a-671a70b22cf1,2022-11-14 20:03:40,backend
9b1fc861-5725-4bcc-9f56-acfa67b52bb7,2022-11-14 22:30:16,frontend
b69887eb-15aa-4e18-b461-ca42d387940f,2022-11-15 00:32:44,frontend
d49c7330-72d6-4c5c-aff3-2d8dd81ec553,2022-11-16 17:08:33,backend
3bc850de-d242-4828-bde2-63e6bbdf2976,2022-11-16 19:04:16,frontend
2b5f6f9a-e213-44d0-930c-1cba2aaed06f,2022-11-16 21:18:33,backend
8df3019b-c8d9-4710-adc3-4b9b60933d23,2022-11-16 23:37:11,backend
26d2cec1-b2d9-4959-9667-22059bb600c6,2022-11-17 18:40:35,backend
0cabdab0-70bd-470e-aa0f-8967b675a591,2022-11-18 11:13:21,devops
1a4cd64b-a61b-48ac-9d32-d14069f2ee19,2022-11-18 14:48:47,frontend
ba36abda-7a21-4b23-8bd5-5d7fbfe89d03,2022-11-18 16:36:21,devops
7552fc98-7782-4897-8aea-b4c270391269,2022-11-18 22:19:47,frontend
92d449aa-a985-49ba-ba69-76cf3ef498c9,2022-11-19 12:33:16,devops
e87cbaad-f140-40a3-90ee-de68db0a9b04,2022-11-19 13:31:47,frontend
dc662af6-9a0e-4408-bae2-28d7bad65d4b,2022-11-19 18:45:32,backend
2d38b49c-4238-4d8f-aca9-97f6fbe667c8,2022-11-21 02:13:21,backend
e488657a-0c3c-4ad6-afb8-d9f78f9ccfc4,2022-11-21 08:34:13,backend
152630e9-b9d5-4d66-9f79-43e630295d17,2022-11-22 05:56:40,frontend
95df62da-3395-4b7b-a11f-2162db4d28df,2022-11-22 15:31:40,frontend
9e91fde1-0a11-445d-b73f-a764cb78e40e,2022-11-22 15:35:38,backend
f1d4a12e-8e23-4b90-aaa1-833edeb0ca86,2022-11-22 18:51:09,frontend
3a54f169-327c-4e69-beb9-2c9f06ee0ce8,2022-11-23 15:47:06,backend
08c375bd-2232-468c-9829-75beae22fb24,2022-11-24 01:07:19,backend
d81a3f28-4f98-45c6-825c-25c5e953545e,2022-11-24 05:20:30,backend
463c6178-3a94-4632-93cc-7dac1951a8ad,2022-11-24 07:47:34,backend
f55665fc-c5dd-47cc-bfa6-3854a8f437ea,2022-11-24 11:06:08,frontend
2c810bca-e69d-4ca8-a4a5-fe2a7677b0b2,2022-11-24 17:01:08,frontend
e3eb96cd-cb0d-4246-a1bb-fce355b33030,2022-11-25 08:11:33,frontend
45664d4c-0fb9-433b-8b59-bf949d2fe4ed,2022-11-26 02:51:18,backend
658f2f26-2968-4dc2-8ddd-280d1186f6f1,2022-11-27 20:22:27,devops
aa62e1dd-f407-49ff-aec7-922962018dd2,2022-11-27 22:32:05,backend
ba0104d8-4e31-4ced-8a3f-f1d0e70a1f21,2022-11-29 01:04:50,devops
59a33055-f64e-4e0c-91b1-6ffdef0ace68,2022-11-29 06:29:27,devops
05d63907-aa34-4eb4-bae1-8f397fa9b5dc,2022-11-29 20:38:06,devops
8b1962d6-98c7-4340-a977-e660c11111b1,2022-12-01 13:17:22,devops
e31c5e9a-0ef1-4661-8961-abe961062af7,2022-12-01 18:13:32,frontend
7d3a970b-02c9-403b-a483-7400a737b676,2022-12-01 18:32:13,frontend
7833c20d-f61d-4041-a6df-aa8951cfb0b0,2022-12-01 19:43:55,backend
7ac54524-61c2-430a-a861-3e308c3b7e7f,2022-12-02 09:56:00,frontend
988bac80-ebb3-437c-b21a-026d45c6b21c,2022-12-02 19:46:54,frontend
e3dc5ebe-947a-48b0-955a-3cc97306b8f5,2022-12-03 00:28:03,backend
e681b7d9-14d4-483a-b69a-27e3becfe879,2022-12-03 05:51:58,devops
b6bb232a-d4b2-47b5-933c-d013af48d145,2022-12-03 12:09:51,devops
948c8bdf-335a-46b3-bb95-041690fc8d02,2022-12-03 22:29:28,frontend
a8b94ea1-c120-4902-a84f-3aef4ebde8ab,2022-12-04 02:46:50,frontend
2a0d298c-9402-4096-940b-6ef3ef7ec956,2022-12-04 06:12:45,frontend
44d1dedd-1da4-4785-86f1-a58fdc8903ea,2022-12-05 07:16:34,frontend
8149b284-4ecb-4404-8162-9b9518c95437,2022-12-05 08:39:40,backend
cb8bb9d0-090f-4a24-aba9-5404667426c7,2022-12-05 10:14:57,backend
fe757c5d-5668-462d-974c-8778721ad5b6,2022-12-06 02:03:10,frontend
451fc4c5-a5af-4f78-a010-9ecd91b3e4ba,2022-12-06 03:23:18,backend
95c2fa5d-70aa-4379-bb02-42bdbb26bdfc,2022-12-06 18:13:14,backend
24f5da39-a3ec-446e-bbc6-2217f476716b,2022-12-07 21:31:06,devops
189541b5-7800-4908-9f45-6fc78ba8c53b,2022-12-07 22:44:18,frontend
927ec2bd-9eba-4b86-898e-fa83abb81d0b,2022-12-08 02:35:36,frontend
4e773f97-8307-4d89-93e7-ae635b8878c6,2022-12-08 12:11:27,frontend
0ecf8a50-8ee0-48c1-8b48-5e57369d072d,2022-12-08 13:09:16,frontend
82ff9091-8720-4b49-ba9f-eda6205e05d7,2022-12-08 20:29:37,frontend
9287853e-eadd-49fa-8fa2-59105a19bb61,2022-12-08 21:33:02,frontend
bdb8f3be-4091-4170-81ba-05b348c0fc8e,2022-12-09 01:01:51,frontend
9f4f3c74-da4f-4ff3-9b0f-a2899de193cf,2022-12-09 01:47:33,backend
6916bb9f-c4b3-4d6a-931c-5efad6c7e024,2022-12-09 19:33:20,backend
666c25fe-7bee-4d87-a68a-75b30266e175,2022-12-10 01:12:08,frontend
fe26d680-c241-484d-8aee-808bf17e46d5,2022-12-10 01:21:28,frontend
966573d2-da94-4392-a013-84db2ec5a9e3,2022-12-10 04:19:13,frontend
cfb7582d-e50d-4895-9118-0ee1217d2cb6,2022-12-10 04:42:06,backend
ff5fa009-dc16-4706-99f4-ea723474f84c,2022-12-10 13:31:46,backend
ae4a2f83-ee8f-477c-afdf-e29407242510,2022-12-10 20:44:08,frontend
9b77b3a9-119a-4b11-bf2a-c497560db662,2022-12-10 22:23:30,devops
8c0c4ea0-7886-407f-9231-4903b5bc2e11,2022-12-11 09:31:31,frontend
5cc8ef51-327e-4276-a185-b3c6498a3814,2022-12-12 08:37:38,frontend
8e190b31-6948-4fa6-9a83-e3a3235eb46b,2022-12-12 13:19:27,frontend
391f4e8f-eb34-4aab-97b3-810e285ed7dd,2022-12-13 01:30:38,frontend
245234e3-ca42-478b-a517-ab2f0cce64c0,2022-12-13 07:18:59,backend
d7799ab3-848b-4100-89ae-4eb562068473,2022-12-13 16:56:52,backend
c1eadfb5-8ed5-40fa-b80f-2a7a06ae3f76,2022-12-14 09:41:22,devops
0b3ab6cb-6805-4b0d-a582-97740b75833a,2022-12-14 19:31:40,devops
9cbe7253-a034-4398-9991-485b6dd7b422,2022-12-14 19:52:52,devops
19517253-f5de-4a64-ac3f-e5676e899809,2022-12-15 00:36:08,backend
8040afdd-4bd6-4da1-b978-ad69642df2b4,2022-12-15 02:58:23,backend
a80db3e9-0eaf-4f01-b6a0-8ff5d7eb2e54,2022-12-15 03:09:08,frontend
93477576-ea13-4c2f-8361-21dfe5ff3ecf,2022-12-15 17:32:03,backend
84fb640c-92ce-4f40-8393-8e603e1b9d91,2022-12-16 05:58:04,frontend
c0e31323-8254-45b8-ac33-c486e5cf1ddf,2022-12-16 08:42:57,backend
0765c51f-1c11-4ac7-b45c-9905ed0c773d,2022-12-17 06:43:48,backend
fdd123de-1cfb-4e89-92e4-94616ce02a21,2022-12-17 11:15:43,backend
abe5953c-3fcf-41a1-b742-1416e5903740,2022-12-18 00:10:42,frontend
615fc1a9-36bf-4d6b-985c-9e2ed490a713,2022-12-18 12:26:22,backend
b85e15cb-90df-4fbc-b430-fa552268160c,2022-12-18 14:27:06,devops
3e8fc7a1-010f-4495-97cd-33ecd29a6fde,2022-12-18 20:55:32,backend
776c7bd3-caf6-4e0c-aede-5405dfc730ea,2022-12-18 21:10:21,frontend
5cd197d5-a0fb-44e1-94e3-6d9d8728888f,2022-12-18 22:17:38,devops
e4910fc5-ae99-40ab-9767-a454854c1fe0,2022-12-19 03:54:13,frontend
838059ac-5f68-43cd-bd96-8f11be2d5c69,2022-12-19 10:58:14,devops
1f474ae4-0583-48b6-bb9b-d99b7cd2dac3,2022-12-19 16:05:59,backend
a653a2af-3d16-4bc0-9382-5ceaebda07a1,2022-12-20 06:09:10,frontend
c2070415-70e5-4b7e-b63d-4d89b40e9b61,2022-12-21 11:42:39,frontend
d2040f69-e80c-42a9-81ca-c6e867e89e68,2022-12-22 09:22:32,devops
507d77bf-a565-456d-ba16-70ed365b181b,2022-12-22 17:02:07,devops
f05ed9a1-7caa-48fd-9dfa-904fc86a8ef3,2022-12-22 23:49:46,devops
609be362-9a20-4b80-963c-f144537dd4ff,2022-12-23 10:08:02,frontend
c8f3832d-6766-4ffa-8a88-c469b2941999,2022-12-23 15:38:59,frontend
905358bd-ef76-4c48-bf67-e7261c041ab3,2022-12-23 19:36:13,devops
be5c84da-2070-4f48-ab77-d13471f64d29,2022-12-23 20:27:29,backend
b7d73fd7-def2-4fd4-ba27-068524b7c191,2022-12-23 22:20:50,frontend
56728390-419d-4e8a-b699-2168007d3d28,2022-12-24 08:26:50,frontend
62546a2a-2ef4-42cc-901e-56dee01df64d,2022-12-24 21:03:38,frontend
030caf7c-ded6-4849-89cd-aa7d298313cc,2022-12-25 11:30:53,backend
c0863b2b-808a-49e7-b99d-848d25006ae9,2022-12-27 00:49:19,backend
14dc00ad-2389-4a8d-bf2e-f00e1bb94cf3,2022-12-27 04:14:52,devops
4ce99cfa-3b7c-4a5a-bc38-bb13754dec42,2022-12-27 21:11:40,frontend
959917c4-ce2a-4a7c-9628-befa27901a76,2022-12-28 05:05:32,devops
5f320bfd-9d65-4b9d-878b-f3ce232e7c58,2022-12-28 08:52:09,frontend
5a1ed0be-ed6d-4572-9d0a-9ee5f3cf1e70,2022-12-28 11:22:07,backend
f086b5cf-3b3c-4504-882c-bc7dbf1d2331,2022-12-28 18:46:05,backend
d3425c5c-8bd5-4183-ac8d-09c219d2252e,2022-12-28 20:03:08,frontend
8beb00f5-1b4e-4104-927c-c13f44ee3bc7,2022-12-29 06:41:50,frontend
